﻿<?xml version="1.0" encoding="utf-8"?>
<Deployment xmlns="http://schemas.microsoft.com/windowsphone/2012/deployment" AppPlatformVersion="8.0">
  <DefaultLanguage xmlns="" code="en-US" />
  <Languages xmlns="">
    <Language code="fr" />
    <Language code="en" />
    <Language code="de" />
    <Language code="sv" />
    <Language code="es" />
    <Language code="it" />
    <Language code="pt" />
    <Language code="ru" />
    <Language code="ja" />
    <Language code="el" />
    <Language code="fi" />
    <Language code="cs" />
    <Language code="zh" />
    <Language code="hu" />
  </Languages>
  <App xmlns="" ProductID="{d2f22e35-7e0d-457c-8401-1cb2fa4277c9}" Title="OpenLara" RuntimeType="Modern Native" Version="1.0.0.0" Genre="apps.normal" Author="XProger" Description="Classic Tomb Raider open-source engine" Publisher="XProger" PublisherID="{6192e2f2-3a7f-42be-8c7a-917d6e980d90}">
    <IconPath IsRelative="true" IsResource="false">Assets\ApplicationIcon.png</IconPath>
    <Capabilities>
      <Capability Name="ID_CAP_MEDIALIB_AUDIO" />
      <Capability Name="ID_CAP_MEDIALIB_PLAYBACK" />
    </Capabilities>
    <Tasks>
      <DefaultTask Name="_default" ImagePath="OpenLara.exe" ImageParams="" />
    </Tasks>
    <Tokens>
      <PrimaryToken TokenID="OpenLaraToken" TaskName="_default">
        <TemplateFlip>
          <SmallImageURI IsRelative="true" IsResource="false">Assets\Tiles\FlipCycleTileSmall.png</SmallImageURI>
          <Count>0</Count>
          <BackgroundImageURI IsRelative="true" IsResource="false">Assets\Tiles\FlipCycleTileMedium.png</BackgroundImageURI>
          <Title>OpenLara</Title>
          <BackContent>
          </BackContent>
          <BackBackgroundImageURI IsRelative="true" IsResource="false">
          </BackBackgroundImageURI>
          <BackTitle>
          </BackTitle>
          <DeviceLockImageURI IsRelative="true" IsResource="false">
          </DeviceLockImageURI>
          <HasLarge>false</HasLarge>
        </TemplateFlip>
      </PrimaryToken>
    </Tokens>
    <ScreenResolutions>
      <ScreenResolution Name="ID_RESOLUTION_WVGA" />
      <ScreenResolution Name="ID_RESOLUTION_WXGA" />
      <ScreenResolution Name="ID_RESOLUTION_HD720P" />
    </ScreenResolutions>
  </App>
</Deployment>